Stacja;Problem techniczny;19.09.2022;26.09.2022;03.10.2022;10.10.2022;17.10.2022;24.10.20222;31.10.2022;07.11.2022;14.11.2022;21.11.2022;28.11.2022;05.12.2022;12.12.2022;19.12.2022;26.12.2022;02.01.2023;09.01.2023;16.01.2023;23.01.2023;30.01.2023;06.02.2023;13.02.2023;20.02.2023;27.02.2023;06.03.20232;13.03.20232;20.03.20232;27.03.2023;03.04.2023;10.04.2023;17.04.2023;24.04.2023;01.05.2023;08.05.2023;15.05.2023;22.05.2023;29.05.2023;05.06.2023;12.06.2023;19.06.2023;26.06.2023;03.07.2023;SUMA
10;Wymiana etykiety/kalki;7;21;12;10;11;0;0;5;15;0;0;0;0;22;0;12;12;0;0;11;0;5;0;6;0;5;5;10;0;0;11;10;0;5;12;4;8;0;10;0;0;0;229
10;Czyszczenie drukarki;0;0;0;0;0;0;0;0;0;0;0;0;0;0;0;0;10;0;0;0;0;0;0;0;0;0;0;0;0;0;0;0;0;0;0;0;0;0;0;0;0;0;10
10;Regulacja wydruku etykiety;18;34;32;14;8;27;2;9;8;11;7;5;8;9;10;17;20;3;0;0;0;5;10;0;0;9;3;9;3;0;0;2;0;9;2;6;20;6;21;35;22;0;404
10;B³¹d po³¹czenia z drukark¹;0;0;0;0;0;0;0;0;30;0;0;0;0;0;0;0;0;0;0;0;0;0;0;0;0;0;0;0;0;0;5;0;0;0;0;5;0;0;0;0;0;0;40
10;Zerwana etykieta kalka;0;0;0;0;0;0;0;0;5;0;0;0;0;0;0;0;0;0;0;0;0;0;0;0;0;0;0;0;0;0;0;5;0;0;0;0;0;0;0;5;0;0;15
10;Problem z C/O;0;0;0;0;0;0;0;0;0;0;0;0;0;0;0;0;0;0;0;0;0;0;0;0;0;0;0;0;0;0;0;0;0;0;0;0;0;0;0;0;0;4;4
10;Czujnik - regulacja/wymiana;0;6;0;0;0;0;0;0;0;0;0;0;0;0;0;0;7;0;0;7;0;0;0;0;0;0;0;0;0;0;0;0;0;0;0;0;0;0;0;0;0;0;20
10;Pneumatyka - szybkoz³¹cze/w¹¿ - awaria/wymiana;0;0;0;0;0;0;0;0;0;0;0;0;0;0;0;0;0;0;0;378;0;0;0;0;0;0;0;0;0;0;0;0;0;0;0;0;0;0;0;0;0;0;378
10;Wymiana elektrozaworu;0;0;0;0;0;0;0;0;0;0;0;0;0;0;0;0;0;0;0;0;0;0;0;0;0;0;0;0;0;0;0;0;0;0;0;0;0;0;0;0;0;0;0
10;Reset stacji;5;0;10;0;15;5;0;4;0;0;0;5;25;0;20;0;0;11;8;7;0;8;0;0;0;0;0;0;0;0;0;0;0;0;0;0;0;0;5;0;0;0;128
10;Si³ownik - wymiana;0;0;0;0;0;0;0;0;0;0;0;0;0;0;0;0;0;0;0;0;0;0;0;0;0;0;0;0;0;0;0;0;0;0;0;0;0;0;0;0;0;0;0
10;Uszkodzona koñcówka wkrêtarki/wymiana;0;0;0;0;0;0;0;0;0;0;0;0;0;0;0;0;0;0;0;0;0;0;0;0;0;0;0;0;0;0;0;0;0;0;0;0;0;0;14;0;0;0;14
10;Regulacja wkrêtarki;0;0;0;0;0;0;0;0;0;0;0;0;0;0;0;0;0;0;0;0;0;0;0;0;0;0;0;0;0;0;0;0;0;0;0;0;0;41;0;0;0;0;41
10;Problem z testem dro¿noœci - regulacje;0;0;0;57;0;0;0;0;0;0;0;0;0;0;0;0;0;0;0;0;0;26;0;0;0;0;0;0;0;0;0;0;0;0;0;0;0;0;0;0;0;0;83
10;Blokada wkrêtarki;0;0;0;0;0;0;0;0;0;0;0;0;0;0;0;0;0;0;0;370;0;0;0;0;0;0;0;0;0;0;0;0;0;12;0;0;0;0;0;0;0;0;382
10;Problem z odkurzaczem - awaria/regulacja pozycji;0;0;0;0;0;0;0;0;0;0;0;0;7;0;0;0;0;0;0;0;0;0;0;0;0;0;0;0;0;0;0;0;0;0;0;0;0;0;0;0;0;0;7
10;Problem z czytnikiem DMC - regulacje;0;0;0;0;0;0;0;0;0;29;0;0;6;0;2;0;51;6;0;0;2;0;17;0;0;2;0;10;0;0;0;6;0;54;27;0;22;148;21;20;0;0;423
10;Problem z kurtyn¹ œwietln¹;0;0;0;0;0;0;0;0;7;0;0;0;0;0;0;0;0;0;0;0;0;0;0;0;0;0;0;0;0;0;0;0;0;0;0;0;0;0;0;0;0;0;7
10;Uzupe³nienie komponentów;0;0;0;0;0;0;0;0;0;0;0;0;0;0;0;0;0;0;0;0;0;0;0;0;0;0;0;0;0;0;0;0;0;0;0;0;0;0;0;0;0;0;0
10;inne;0;0;21;0;85;0;0;0;31;0;0;0;95;0;0;0;48;0;0;13;0;0;80;0;11;0;0;0;0;0;0;0;0;6;0;6;0;0;0;0;0;0;396
20;Problem z C/O;0;0;0;0;0;0;0;0;0;0;0;0;0;0;0;0;0;0;0;0;0;0;0;0;0;0;0;0;0;0;10;0;0;0;0;0;0;0;0;0;0;0;10
20;Czujnik regulacja/wymiana;28;14;0;0;0;0;0;0;0;0;0;0;0;10;0;0;0;0;0;0;0;0;5;0;0;0;0;0;0;0;0;0;0;0;49;0;0;0;0;0;0;0;106
20;Pneumatyka - szybkoz³¹cze/w¹¿ - awaria/wymiana;0;0;0;0;0;0;0;53;0;0;0;0;0;0;0;0;0;0;0;0;0;0;0;0;0;0;0;0;0;0;0;0;0;0;0;0;0;0;0;0;0;0;53
20;Wymiana elektrozaworu;0;0;0;0;0;0;0;0;0;0;0;0;0;0;0;0;0;0;0;0;0;0;0;0;0;0;0;0;0;0;0;0;0;0;0;0;0;0;0;0;0;0;0
20;Serwonapêd - awaria;0;29;0;0;0;0;0;0;0;0;0;0;0;0;0;0;0;0;0;0;0;0;0;0;0;13;0;0;0;0;0;0;0;0;0;0;0;0;0;0;0;0;42
20;Reset stacji;0;0;0;0;0;0;0;0;0;0;0;0;0;0;0;0;0;0;0;0;0;0;0;0;0;0;0;0;0;0;0;0;0;0;0;0;0;0;0;0;0;0;0
20;Awaria chwytaka narzêdzia;0;0;0;0;0;0;0;0;0;0;0;0;0;0;0;0;0;0;0;0;0;0;0;0;0;0;0;0;5;0;10;0;0;0;130;61;0;0;0;0;91;0;297
20;Uszkodzenie palca na narzêdziu;0;0;0;0;0;0;0;0;0;0;0;0;0;0;0;0;0;0;0;0;0;0;3;0;0;0;0;0;0;0;0;0;0;0;0;0;0;0;0;0;0;0;3
20;Regulacja stopera;0;0;9;0;0;0;0;0;0;0;0;0;0;0;0;0;0;3;0;0;0;0;0;0;0;0;0;0;0;0;0;0;0;0;80;0;0;0;0;0;0;0;92
20;Uszkodzenie mocowania;0;0;0;103;0;0;0;0;0;0;0;0;0;0;0;0;0;0;60;0;0;0;0;0;0;0;0;0;0;0;0;0;0;0;0;0;0;0;0;0;0;0;163
20;Si³ownik - wymiana;0;0;0;0;60;0;0;0;0;0;0;0;0;0;0;0;0;0;0;0;0;0;0;0;0;0;0;0;0;0;0;0;0;0;150;0;0;0;0;0;0;0;210
20;Problem z czytnikiem DMC - regulacje;0;0;0;0;0;0;0;0;0;0;0;0;0;0;0;0;0;7;0;0;0;0;0;0;0;0;0;0;0;0;0;0;0;0;0;0;0;0;0;0;0;0;7
20;Problem z kurtyn¹ œwietln¹;0;0;0;0;0;0;0;0;0;0;0;0;0;0;0;0;0;0;0;0;0;0;0;0;0;0;0;0;0;0;0;0;0;0;0;0;0;0;0;0;0;0;0
20;Uzupe³nienie komponentów;0;0;0;0;0;0;0;0;0;0;0;0;0;0;0;0;0;0;0;0;0;0;0;0;0;0;0;0;0;0;0;0;0;0;0;0;0;0;0;0;0;0;0
20;inne;0;0;6;23;119;66;0;5;0;0;52;0;0;10;11;0;16;62;0;0;0;5;7;7;0;0;7;0;0;0;0;0;0;0;0;0;8;0;0;0;0;0;404
30;Problem z C/O;0;0;0;0;0;0;0;0;0;0;0;0;0;0;0;0;0;0;0;0;0;0;0;0;0;0;0;0;0;0;0;0;0;0;0;0;0;0;0;0;0;0;0
30;Czujnik - regulacja/wymiana;0;0;0;0;5;0;0;0;6;0;0;0;0;0;0;0;0;0;0;0;0;0;0;0;0;0;11;87;0;0;0;0;0;0;0;0;0;0;0;0;0;0;109
30;Pneumatyka - szybkoz³¹cze/w¹¿ - awaria/wymiana;0;0;0;0;0;0;0;0;0;0;0;0;0;0;0;0;0;0;0;0;0;0;0;0;0;0;0;0;0;0;0;0;0;0;0;0;0;0;0;0;0;0;0
30;Wymiana elektrozaworu;0;0;0;0;0;0;0;0;0;0;0;0;0;0;0;0;0;0;0;0;0;0;0;0;0;0;0;0;0;0;0;0;0;0;0;0;0;0;0;0;0;0;0
30;Reset stacji;0;0;0;0;0;0;0;0;0;0;0;0;0;0;10;0;0;0;0;0;0;0;0;0;0;0;0;0;0;0;0;0;0;0;10;0;0;0;11;0;20;0;51
30;Si³ownik - wymiana;0;0;0;0;0;0;0;0;0;0;0;0;0;0;0;0;0;0;0;0;0;0;0;0;0;0;0;0;0;0;0;0;0;0;0;0;0;0;0;0;0;0;0
30;Problem z kamer¹ IFM - regulacja;0;0;0;0;25;0;0;0;0;0;0;0;0;0;0;0;0;0;0;0;0;0;0;0;0;18;0;0;0;0;0;0;0;0;0;0;0;0;0;0;0;0;43
30;Problem z narzêdziem cartridge'a;0;0;0;0;0;0;0;0;0;0;0;0;0;0;0;10;0;0;0;0;0;0;0;0;0;0;0;0;5;0;0;0;5;0;0;0;20;0;0;0;0;0;40
30;Problem z monta¿em cartridge'a - regulacje;29;149;73;24;0;0;6;45;12;18;10;6;127;0;9;0;0;91;97;5;14;65;68;91;18;20;0;47;45;17;103;323;0;252;97;539;0;15;24;168;10;31;2648
30;Awaria prasy;0;0;0;0;0;0;0;0;0;0;0;0;0;0;0;0;0;0;0;0;0;0;0;0;0;0;0;0;0;5;0;0;0;0;0;0;0;0;0;0;0;0;5
30;Uzupe³nienie oleju;0;0;0;0;0;0;0;0;0;0;5;0;2;0;3;5;0;0;5;10;0;5;5;13;11;10;10;20;10;20;25;25;5;15;5;15;7;0;10;18;14,1;20;293,1
30;Problem z czytnikiem DMC - regulacje;0;0;0;0;0;0;0;16;6;4;0;0;0;0;0;0;0;0;0;0;0;0;0;0;0;0;0;7;0;0;0;0;0;0;0;0;0;0;0;0;0;0;33
30;Problem z kurtyn¹ œwietln¹;0;9;0;0;0;0;0;0;0;0;0;0;0;0;0;0;0;0;0;0;0;0;0;0;0;0;0;0;0;0;0;0;0;0;0;0;0;0;0;0;0;0;9
30;Uzupe³nienie komponentów;0;0;0;0;0;0;0;0;0;0;0;0;0;0;0;0;0;0;0;0;0;0;0;0;0;0;0;0;0;0;0;0;0;0;0;0;0;0;0;0;0;0;0
30;inne;0;6;0;0;0;0;19;0;13;78;5;26;37;5;0;0;42;0;0;0;0;0;0;5;0;0;0;0;0;0;4;22;0;0;0;84;63;89;303;15;0;0;816
40;Problem z C/O;0;0;0;0;0;0;0;0;0;0;0;0;0;0;0;0;0;0;0;0;0;0;24;38;20;0;0;0;0;0;0;0;0;0;0;0;0;0;80;0;7;0;169
40;Czujnik - regulacja/wymiana;13;0;5;25;0;8;0;0;0;5;0;3;29;0;0;0;0;0;0;0;0;0;0;0;0;3;0;0;0;0;20;5;0;0;0;0;0;0;0;15;0;0;131
40;Pneumatyka - szybkoz³¹cze/w¹¿ - awaria/wymiana;4;10;0;0;0;0;41;0;0;0;0;0;0;0;0;0;0;0;0;0;0;0;0;0;0;0;0;0;0;0;0;0;0;0;0;0;0;0;0;0;0;0;55
40;Wymiana elektrozaworu;0;15;0;0;0;0;0;0;0;0;22;0;0;0;0;0;0;0;0;0;0;0;0;0;0;0;0;0;0;0;0;0;0;0;0;0;0;0;0;0;0;0;37
40;Reset stacji;0;0;21;6;15;13;4;8;29;19;40;7;16;12;0;0;27;12;10;6;0;0;0;0;12;5;0;0;0;0;0;0;0;10;0;20;15;0;10;10;0;7;334
40;Si³ownik-wymiana;0;0;0;0;0;0;0;0;0;0;54;0;0;0;0;0;0;0;0;0;0;0;0;0;0;0;0;0;0;0;0;0;0;0;0;0;0;0;0;0;0;0;54
40;Problem z kamer¹ IFM - regulacja;0;0;0;0;0;0;0;0;0;0;0;0;0;0;0;0;0;0;0;0;0;0;0;0;0;0;0;0;0;0;0;0;0;0;0;0;0;0;0;0;0;0;0
40;Problem z chwytakiem SCHUNK;0;101;0;0;0;0;0;0;0;0;0;0;0;0;0;0;0;0;0;0;0;0;0;0;0;0;0;0;0;5;0;0;0;0;0;0;0;0;0;0;5,2;0;111,2
40;Serwonapêd - awaria;0;0;0;0;0;0;0;0;228;0;0;0;0;0;0;0;0;0;0;0;0;0;0;0;0;0;0;0;0;5;0;0;0;0;0;0;0;0;0;58;0;0;291
40;Wymiana beczki ze smarem;0;12;0;0;0;0;0;0;0;0;0;0;0;0;0;10;0;0;0;9;0;0;0;0;0;0;0;0;0;0;10;0;0;0;0;0;0;0;0;0;8;0;49
40;Wymiana ig³y smarownicy;0;0;0;0;0;0;0;0;0;0;0;0;0;0;0;0;0;0;0;0;0;0;0;0;0;0;0;0;0;0;0;0;0;0;0;0;0;0;0;0;0;0;0
40;Smarownica - awaria;0;0;0;0;0;0;0;0;0;0;0;0;0;0;0;0;0;0;0;0;0;0;0;0;0;0;0;0;0;0;0;0;0;0;0;0;0;0;0;11;0;0;11
50;Robot - awaria;9;0;5;0;0;0;0;0;0;0;0;0;0;0;0;0;0;0;0;0;0;0;0;0;0;0;0;0;0;0;0;0;0;0;0;5;11;0;16;0;4;0;50
50;Wymiana chwytaka na robocie;0;0;0;23;0;16;0;0;0;0;0;0;0;0;0;0;0;0;0;0;0;0;0;0;43;0;0;0;0;0;0;0;0;0;0;0;0;0;0;0;0;0;82
50;Robot - kolizja;17;0;0;9;16;16;0;0;0;10;0;0;0;0;10;14;0;0;0;7;0;0;3;0;0;15;0;0;0;0;0;0;0;0;10;0;42;0;0;0;0;4;173
50;Stó³ obrotowy - awaria;15;7;0;10;0;12;0;34;7;0;0;0;0;10;27;0;0;0;0;0;0;0;0;0;25;13;0;0;0;87;3;94;0;0;0;5;0;0;10;19;21;0;399
50;Stó³ obrotowy - kolizja;20;37;11;10;35;54;13;15;0;35;5;54;24;42;34;23;0;13;25;33;38;18;13;29;8;5;0;0;0;0;13;0;0;10;20;4;33;0;47;14;0;35;770
50;Wymiana ig³y na robocie;0;0;0;0;0;0;0;0;0;0;0;0;0;0;0;0;0;0;0;0;0;0;0;0;0;0;10;0;0;0;0;5;0;0;0;0;0;0;0;0;0;10;25
50;Awaria narzêdzia wkrêcania t³oka;0;0;0;0;0;0;0;0;0;0;0;0;0;0;0;0;0;0;0;0;0;0;0;0;0;0;0;0;0;0;52;0;0;0;0;0;0;0;0;0;0;0;52
50;Problem z monta¿em t³oka - regulacje prasy;6;5;165;169;0;0;0;0;45;40;70;0;82;0;0;176;22;100;13;0;9;52;50;186;48;144;0;0;0;0;0;0;0;29;21;0;36;10;32;14;0;0;1524
50;Awaria prasy;4;0;0;0;0;60;0;0;0;0;0;0;0;0;0;0;0;60;0;0;0;0;0;0;0;275;0;0;581;105;518;379;369;0;0;0;0;0;0;0;0;0;2351
50;Problem z czytnikiem DMC - regulacje;0;15;0;0;0;0;0;0;0;5;0;14;0;0;0;8;0;0;0;5;0;0;0;0;0;0;0;0;0;0;0;0;0;0;0;0;0;28;0;0;0;0;75
50;Problem z kurtyn¹ œwietln¹;0;0;0;0;0;0;0;0;0;0;0;0;0;0;0;0;0;0;0;15;0;0;0;0;5;0;0;0;0;0;0;0;0;0;0;0;0;0;0;0;0;0;20
50;Uzupe³nienie komponentów;0;0;0;0;0;5;0;0;0;0;0;0;0;0;0;0;0;0;0;0;0;0;0;0;0;0;0;0;0;0;0;0;0;0;0;0;0;0;0;0;0;0;5
50;inne;92;105;5;68;11;41;0;48;136;12;93;413;52;26;5;11;67;113;10;0;0;290;10;33;121;53;2312;403;115;374;0;67;0;0;108;45;54;25;80;0;0;0;5398
60;Problem z C/O;0;0;0;0;0;0;0;0;0;0;0;0;0;0;0;0;0;0;0;0;0;0;0;0;0;0;0;0;0;0;0;0;0;0;0;0;0;0;0;0;0;0;0
60;Czujnik - regulacje/wymiana;0;0;0;0;7;0;0;0;0;0;0;0;0;0;0;5;0;0;0;0;0;0;0;9;0;0;0;25;0;0;0;0;0;0;0;0;0;0;0;0;0;0;46
60;Pneumatyka - szybkoz³¹cze/w¹¿ - awaria/wymiana;0;0;0;0;0;0;0;0;0;0;0;0;0;0;0;0;0;0;0;0;0;0;0;0;0;0;0;0;0;0;0;0;0;0;0;0;0;0;0;0;0;0;0
60;Wymiana elektrozaworu;0;0;0;0;0;0;0;0;0;0;0;0;0;0;0;0;0;0;0;0;0;0;0;0;0;0;0;0;0;0;0;0;0;0;0;0;0;0;115;0;0;0;115
60;Reset stacji;0;0;0;7;0;0;0;0;0;0;0;0;0;0;0;0;0;0;0;0;0;5;0;0;0;0;0;0;5;0;10;0;0;0;0;0;0;0;0;0;0;0;27
60;Si³ownik - wymiana;0;0;0;0;0;0;0;0;0;0;0;0;0;0;0;0;0;0;0;0;0;0;0;0;0;0;0;0;0;0;0;0;0;0;0;0;0;0;0;0;0;0;0
60;Problem z kamer¹ IFM - regulacje;0;21;0;8;0;0;0;5;0;0;0;0;12;0;0;0;0;0;0;0;9;20;14;0;0;0;0;0;0;0;0;0;0;0;0;0;0;20;0;0;0;10;119
60;Uszkodzona koñcówka wkrêtarki/wymiana;0;0;0;0;0;0;0;0;0;0;0;0;0;0;0;0;0;0;0;0;0;0;0;0;0;0;0;0;0;0;0;0;0;0;0;0;0;0;0;0;0;0;0
60;Regulacja wkrêtarki;0;0;0;0;0;0;0;0;0;0;0;0;0;0;5;0;0;0;0;0;0;0;17;8;4;5;0;0;10;5;0;15;0;0;0;0;5;0;8;16;5;5;108
60;Blokada wkrêtarki;0;0;0;0;0;0;0;0;0;0;0;0;0;0;0;0;0;0;0;0;0;0;0;0;0;0;0;0;0;0;0;0;0;0;0;0;0;0;0;0;0;0;0
60;Regulacja gniazda wspornika dŸwigni;0;0;0;0;0;0;0;0;0;0;0;0;0;0;0;0;0;0;0;0;0;0;15;0;0;0;0;0;0;0;6;0;0;6;0;0;8;0;0;0;0;0;35
60;Problem z czytnikiem DMC - regulacje;0;0;6;0;0;125;0;0;0;0;0;0;0;0;0;0;0;0;0;0;0;0;0;0;0;0;0;0;0;0;0;0;0;0;0;0;0;0;0;0;0;0;131
60;Problem z kurtyn¹ œwietln¹;0;0;0;0;0;0;0;0;0;0;0;0;0;0;0;0;0;0;0;0;0;0;0;0;0;0;0;0;0;0;0;0;0;0;0;0;0;0;0;0;10;0;10
60;Uzupe³nienie komponentów;0;0;0;0;0;0;0;0;0;0;0;0;0;0;0;0;0;0;0;0;0;0;0;0;0;0;0;0;0;0;0;0;0;0;0;0;0;0;0;0;0;0;0
60;inne;0;0;0;0;0;0;0;0;4;25;0;0;0;5;36;0;0;0;0;0;15;0;0;22;23;14;0;0;60;0;0;30;60;0;77;0;0;25;0;5;0;10;411
70;Problem z C/O;5;0;0;0;0;0;0;0;0;0;0;0;0;0;0;0;0;0;0;0;0;0;0;0;0;0;0;0;0;0;0;0;0;0;0;0;0;0;0;0;0;0;5
70;Czujnik - regulacje/wymiana;0;0;0;0;10;0;0;0;0;0;0;0;0;0;0;0;0;0;0;0;0;0;0;0;0;0;0;0;0;0;0;0;0;0;0;0;0;0;0;0;0;0;10
70;Pneumatyka - szybkoz³¹cze/w¹¿ - awaria/wymiana;0;0;0;0;0;0;0;0;0;0;0;0;0;0;0;0;0;0;0;0;0;0;0;0;0;0;0;0;0;0;0;0;0;0;0;0;31;0;0;0;0;0;31
70;Wymiana elektrozaworu;0;0;0;0;0;0;0;0;0;0;0;0;0;0;0;0;0;0;0;0;0;0;0;0;0;0;0;0;0;0;0;0;0;0;0;0;0;0;0;0;0;0;0
70;Reset stacji;19;3;12;30;76;5;0;5;11;12;0;12;22;12;8;22;10;5;0;10;5;5;13;24;9;0;0;0;5;0;0;0;0;10;7;48;38;12;55;0;0;0;505
70;Si³ownik - wymiana;0;0;0;0;0;0;70;0;0;0;0;0;0;0;0;0;0;0;0;0;0;0;0;0;0;0;0;0;0;0;0;0;0;0;0;0;0;0;0;0;0;0;70
70;Problem z zagniataniem dŸwigni - regulacje prasy;0;0;0;0;0;0;0;0;0;0;0;0;0;0;0;0;0;0;0;0;0;7;0;0;0;0;0;0;7;0;6;0;0;0;0;0;0;0;0;0;0;7;27
70;Awaria prasy;0;0;0;0;0;0;450;0;0;0;0;0;0;0;0;0;0;0;0;0;0;0;0;0;0;0;0;0;0;555;0;0;0;0;0;0;15;0;0;0;0;0;1020
70;Problem z czytnikiem DMC - regulacje;6;0;0;0;0;0;0;101;0;0;0;0;0;0;0;0;0;0;0;0;0;0;0;0;0;0;0;0;0;0;0;0;0;0;0;0;0;0;0;0;0;0;107
70;Problem z kurtyn¹ œwietln¹;0;0;0;0;0;0;0;0;0;0;0;0;0;0;0;0;0;0;0;0;0;0;0;0;0;0;0;0;0;0;0;0;0;0;0;0;5;0;0;0;0;0;5
70;Uzupe³nienie komponentów;0;0;0;0;0;0;0;0;0;0;0;0;0;0;0;0;0;0;0;0;0;0;0;0;0;0;0;0;0;0;0;0;0;0;0;0;0;0;0;0;0;0;0
70;inne;10;0;4;0;0;280;95;0;0;0;0;16;0;0;0;0;0;0;18;0;20;0;0;0;24;20;5;0;0;158;0;0;0;0;0;0;0;12;23;0;12;0;697
80;Problem z C/O;0;0;0;0;0;0;0;0;0;0;0;0;0;0;0;0;0;0;60;0;0;0;0;0;0;0;0;0;0;0;0;0;0;0;0;0;0;0;0;0;7;25;92
80;Czujnik - regulacje/wymiana;0;0;0;0;0;0;0;0;0;0;0;0;0;0;0;0;0;0;0;0;0;0;0;0;0;0;0;0;0;0;0;0;0;0;0;0;0;0;0;0;0;0;0
80;Pneumatyka - szybkoz³¹cze/w¹¿ - awaria/wymiana;0;0;0;0;0;0;0;0;0;0;0;0;0;0;0;0;0;0;0;0;0;0;0;0;0;0;0;0;0;0;0;0;0;0;0;0;0;0;0;0;0;0;0
80;Wymiana elektrozaworu;0;0;0;0;0;0;0;0;0;0;0;0;0;0;0;0;0;0;0;0;0;0;0;0;0;0;0;0;0;0;0;0;0;0;0;0;0;0;0;0;0;0;0
80;Reset stacji;0;0;0;5;0;0;8;0;0;0;0;0;0;8;0;0;12;0;0;0;0;0;0;0;0;0;0;10;0;0;0;0;0;5;5;0;0;0;0;0;8,9;0;61,9
80;Si³ownik - wymiana;0;0;0;0;0;0;0;0;0;0;0;0;0;0;0;0;0;0;0;0;0;0;0;0;0;0;0;0;0;0;0;0;0;0;0;0;0;0;0;0;0;0;0
80;Serwonapêd - awaria;0;0;0;0;0;0;0;0;0;0;0;0;0;0;0;0;0;0;0;0;0;0;0;0;0;0;0;0;0;0;0;0;0;0;0;0;0;0;0;0;0;0;0
80;Serwonapêd - regulacje;11;27;23;29;7;17;32;0;17;0;0;6;27;15;0;0;14;11;0;0;8;7;0;0;10;0;0;0;0;10;0;0;0;0;0;10;10;0;38;0;0;0;329
80;Uszkodzona koñcówka wkrêtarki/wymiana;0;0;0;0;0;0;0;0;0;0;0;0;0;0;0;0;0;0;0;0;0;0;0;0;0;0;0;0;0;0;0;0;0;0;0;0;0;0;0;0;0;0;0
80;Regulacja wkrêtarki;10;0;5;34;0;0;0;9;5;17;0;0;0;0;0;0;0;0;0;0;0;0;0;5;0;8;0;5;5;2;5;20;0;15;4;10;22;0;0;38;20;31;270
80;Blokada wkrêtarki;0;0;0;0;0;0;0;0;0;0;0;0;0;0;0;0;0;0;0;0;0;0;0;0;0;0;0;0;0;0;0;0;0;0;0;0;0;0;0;0;0;0;0
80;Problem z czytnikiem DMC - regulacje;0;0;0;0;0;0;0;0;0;0;0;0;0;0;0;0;0;0;0;0;0;0;0;0;0;0;0;0;0;0;0;0;0;0;0;0;0;0;0;0;0;0;0
80;Problem z kurtyn¹ œwietln¹;0;0;0;0;0;0;0;0;0;0;0;0;0;0;0;0;0;0;0;0;0;0;0;0;0;0;0;0;0;0;0;0;0;0;0;0;0;0;0;0;0;0;0
80;Uzupe³nienie komponentów;0;0;0;0;0;0;0;0;0;0;0;0;0;0;0;0;0;0;0;0;0;0;0;0;0;0;0;0;0;0;0;0;0;0;0;0;0;0;0;0;0;0;0
80;inne;0;0;20;0;0;0;21;30;0;17;5;15;39;7;14;0;0;16;5;28;0;30;0;0;0;12;0;0;0;0;0;0;0;0;0;0;9;0;13;16;124;46;467
90;Problem z C/O;0;0;0;0;0;0;0;0;0;0;0;0;0;0;0;0;0;0;0;0;0;0;0;9;0;0;0;0;0;0;0;0;0;0;0;0;0;0;0;0;0;0;9
90;Czujnik  regulacje/wymiana;13;7;5;0;0;3;0;31;0;7;5;6;5;16;0;0;7;0;0;3;0;0;7;2;0;0;0;0;0;2;10;13;0;0;0;0;0;0;0;0;0;0;142
90;Pneumatyka  szybkoz³¹cze/w¹¿  awaria/wymiana;18;8;0;15;29;15;0;0;14;0;0;0;0;0;131;0;0;63;0;0;0;6;0;0;0;0;0;0;0;0;0;0;0;0;0;0;9;0;0;0;0;0;308
90;Wymiana elektrozaworu;0;0;0;0;0;0;0;0;0;0;0;0;0;0;0;0;0;0;0;0;0;0;0;0;0;0;0;0;0;0;0;0;0;0;0;0;0;0;0;0;0;0;0
90;Reset stacji;0;0;0;0;0;0;0;0;0;0;0;0;0;0;0;0;0;0;0;0;0;0;0;0;0;0;0;0;0;0;10;0;0;0;0;0;0;0;0;0;0;0;10
90;Si³ownik  wymiana;0;0;0;0;0;0;0;0;0;0;0;0;0;55;0;0;0;0;0;0;0;0;0;0;0;0;0;75;0;0;0;0;0;0;0;0;0;0;0;0;0;0;130
90;Wymiana beczki;0;0;0;0;0;0;0;0;0;0;0;0;0;0;0;0;0;0;0;0;0;0;0;0;0;9;0;0;0;0;0;0;0;0;0;0;0;0;0;0;0;0;9
90;Awaria  przeciek uk³adu;9;0;0;0;44;53;0;0;0;0;0;0;10;0;0;0;0;0;0;0;0;0;0;0;10;0;0;0;0;0;0;0;0;0;0;0;0;0;150;532;264;1229;2301
90;Wymiana uszczelki na WEHu;0;0;0;0;0;0;0;0;0;0;0;5;0;0;0;0;0;0;0;0;0;0;0;0;0;0;0;0;0;0;0;0;0;0;0;0;0;0;0;0;0;0;5
90;Wymiana WEHa;0;0;0;10;0;0;5;0;0;0;5;9;25;0;0;15;0;8;10;0;7;0;0;7;33;0;0;12;0;5;17;5;0;0;0;0;0;0;0;0;0;0;173
90;Problem z testem ruchu t³oka  regulacje;53;120;11;25;7;0;18;9;17;17;4;4;0;0;0;0;94;68;0;9;0;0;0;0;0;10;0;0;0;0;10;0;0;0;0;0;0;0;0;0;0;18;494
100;Problem z testem BIC;18;6;0;0;0;8;0;8;0;0;0;0;14;0;15;19;4;16;0;18;20;0;10;11;0;6;5;20;64;20;0;0;54;0;0;12;0;24;15;0;4,8;0;391,8
100;Serwonapêd - awaria;0;0;0;0;0;0;0;0;0;0;0;0;17;7;0;0;0;0;0;0;0;0;0;0;0;0;0;0;0;0;0;0;0;0;0;0;0;0;0;0;0;0;24
100;Problem z czytnikiem DMC - regulacje;0;0;33;0;0;0;0;0;0;0;0;0;0;0;0;0;0;0;8;0;0;5;6;0;0;0;0;0;3;3;5;0;3;0;0;0;0;0;10;0;0;0;76
100;Problem z kurtyn¹ mechaniczn¹;110;15;8;7;17;0;42;7;11;0;0;0;0;0;0;0;13;0;0;0;8;8;5;0;0;0;0;32;10;0;42;0;10;0;0;0;0;0;0;0;0;0;345
100;inne;91;10;5;0;100;21;21;25;0;48;10;159;18;745;238;13;0;48;73;5;32;0;53;64;48;10;0;7;0;10;83;42;0;0;9;35;0;31;178;0;33;0;2265
120;Problem z C/O;0;0;0;0;0;0;0;0;0;0;0;0;26;0;0;0;0;0;0;0;0;0;0;0;0;0;0;0;0;0;0;0;0;0;0;0;0;0;0;0;0;0;26
120;Czujnik - regulacje/wymiana;6;0;0;0;8;5;0;0;0;0;0;0;0;0;0;72;0;0;0;0;0;0;0;0;0;0;0;0;0;0;0;3;0;0;0;0;0;0;0;0;0;0;94
120;Pneumatyka - szybkoz³¹cze/w¹¿ - awaria/wymiana;0;0;0;0;0;0;0;0;0;0;0;0;0;0;0;0;0;0;0;0;0;0;0;0;0;0;0;0;0;0;0;0;0;0;0;0;0;0;0;0;0;0;0
120;Wymiana elektrozaworu;0;0;0;0;0;0;0;0;0;0;0;0;0;0;0;0;0;0;0;0;0;0;0;0;0;0;0;0;0;0;0;0;0;0;0;0;0;0;0;0;0;0;0
120;Reset stacji;0;0;6;0;0;0;0;0;0;0;0;0;0;0;0;0;0;0;0;0;0;0;0;0;0;0;0;0;0;0;0;0;0;0;0;0;0;0;6;0;0;0;12
120;Si³ownik - wymiana;0;0;0;0;0;0;0;0;0;0;0;0;0;0;0;0;0;0;0;0;0;0;0;0;0;0;0;0;0;0;0;0;0;0;0;0;0;0;0;0;0;0;0
120;Serwonapêd - awaria;0;0;0;0;0;0;0;0;148;0;0;0;0;0;20;0;0;0;0;0;0;0;0;0;0;0;0;0;0;0;0;0;0;0;45;0;0;0;0;0;0;0;213
120;Problem z testem dŸwigni - regulacje;0;0;0;35;0;24;0;0;0;0;0;0;0;0;25;0;0;0;0;0;0;23;0;0;0;0;0;15;0;0;0;0;0;0;52;0;0;20;0;20;10;31;255
120;Problem z czujnikiem si³y/drogi;0;0;0;0;0;0;0;0;0;0;0;0;0;0;0;0;0;0;0;0;0;0;0;0;0;0;0;0;0;0;0;0;0;0;0;0;0;0;0;0;0;0;0
120;Problem z czujnikiem zaœlepki - regulacje;0;0;0;0;0;0;0;0;0;0;0;0;0;0;0;0;0;0;0;0;0;0;0;0;0;0;0;0;0;0;0;0;0;0;0;0;0;0;0;0;0;0;0
120;Awaria narzêdzia wkrêcania t³oka;0;5;0;0;18;5;7;0;0;0;0;13;0;0;0;5;0;0;0;0;0;12;0;0;0;0;0;0;0;0;0;0;0;0;0;31;0;0;0;14;6;0;116
120;Problem z czytnikiem DMC - regulacje;0;0;0;0;0;0;0;0;0;0;0;0;0;0;0;0;0;0;13;0;0;0;0;0;0;0;0;0;0;0;0;0;0;0;0;0;0;0;0;0;0;0;13
120;Problem z kurtyn¹ œwietln¹;0;0;0;0;0;0;10;0;0;0;0;0;0;0;0;0;0;0;0;0;0;0;0;12;0;0;0;0;0;0;0;0;0;0;0;0;0;0;0;0;0;0;22
120;inne;10;0;0;15;12;10;0;190;15;0;4;0;0;0;45;0;0;8;12;0;0;0;0;0;10;0;0;0;0;0;0;5;0;0;45;5;0;0;25;41;105;0;557
130;Problem z C/O;0;0;0;0;0;0;0;0;0;0;0;0;0;0;0;0;0;0;0;0;0;0;0;0;0;0;0;0;0;0;0;0;0;0;0;0;0;0;0;0;0;0;0
130;Czujnik - regulacje/wymiana;0;0;0;0;0;0;0;8;0;0;4;0;0;0;0;0;0;0;0;0;0;0;0;0;0;0;0;0;0;1;0;0;0;0;0;20;0;0;9;0;0;0;42
130;Pneumatyka - szybkoz³¹cze/w¹¿ - awaria/wymiana;0;0;0;0;0;0;0;0;0;0;0;0;0;0;0;0;0;0;0;0;0;0;0;0;0;0;0;0;0;0;0;0;0;0;0;0;0;0;0;0;0;0;0
130;Wymiana elektrozaworu;0;0;0;0;0;0;0;0;0;0;0;0;0;0;0;0;0;0;0;0;0;0;0;0;0;0;0;0;0;0;0;0;0;0;0;0;0;0;0;0;0;0;0
130;Reset stacji;0;7;4;0;0;0;0;0;0;0;0;0;0;0;0;0;4;0;0;0;0;7;0;0;0;0;0;0;0;0;0;0;0;0;0;5;0;0;5;0;0;15;47
130;Si³ownik - wymiana;0;0;0;0;0;0;0;0;0;0;0;0;0;0;0;0;0;0;0;0;0;0;0;0;0;0;0;0;0;0;0;0;0;0;0;0;0;0;0;0;0;0;0
130;Problem z zagniataniem os³ony - regulacje;5;7;0;0;0;24;0;0;0;0;16;0;0;10;16;0;0;0;0;0;0;0;0;4;0;0;0;0;0;0;0;0;0;0;30;22;0;0;0;0;0;0;134
130;Awaria prasy;0;0;0;0;0;0;0;0;0;0;0;0;0;0;0;0;0;0;0;9;0;0;0;0;0;0;0;0;0;0;0;0;0;0;0;0;0;0;0;0;0;0;9
130;Awaria narzêdzia zagniatania os³ony;0;0;0;0;0;0;0;0;0;0;7;7;0;0;0;0;0;9;0;0;0;0;0;0;8;0;0;0;0;0;0;0;0;0;5;0;0;0;0;0;0;0;36
130;Uszkodzona koñcówka wkrêtarki/wymiana;0;0;0;0;0;0;0;0;0;0;0;0;0;0;0;0;0;0;0;0;0;0;0;0;0;0;0;0;0;0;0;0;0;0;0;0;0;0;0;0;0;0;0
130;Regulacja wkrêtarki;0;0;0;0;0;0;0;0;0;0;0;0;0;0;0;0;0;0;0;0;0;0;0;0;0;0;0;0;0;0;2;0;0;0;0;5;0;0;0;0;0;0;7
130;Blokada wkrêtarki;0;0;0;0;0;0;0;0;0;0;0;0;0;0;0;0;0;0;0;0;0;0;0;0;0;0;0;0;0;0;0;0;0;0;0;0;0;0;0;0;0;0;0
130;Wymiana etykiety/kalki;14;3;5;0;0;5;0;0;0;5;12;4;5;0;7;0;20;0;5;0;5;0;0;12;5;5;5;0;5;0;0;0;5;0;0;0;0;0;0;0;0;0;127
130;Czyszczenie drukarki;0;0;0;0;0;0;0;0;0;0;0;0;0;0;0;0;0;0;0;0;0;0;0;0;0;0;0;0;0;0;0;0;0;0;0;0;0;0;0;0;0;0;0
130;Regulacja wydruku etykiety;0;0;0;0;0;16;0;6;0;0;0;0;0;0;0;0;9;0;0;0;0;0;1;0;5;5;0;5;5;0;0;0;5;0;0;0;0;0;0;0;0;0;57
130;B³¹d po³¹czenia z drukark¹;0;0;0;0;0;0;0;0;0;0;0;0;0;0;0;0;0;0;0;0;0;0;0;0;0;0;0;0;0;0;0;0;0;0;0;0;0;0;0;0;0;0;0
130;Zerwana etykieta/kalka;0;0;0;0;0;5;0;0;0;0;0;0;0;0;0;0;0;0;0;0;0;0;0;0;0;0;0;0;0;0;0;0;0;0;0;0;0;0;0;0;0;0;5
130;Problem z czytnikiem DMC - regulacja;0;0;0;0;0;0;0;0;0;0;5;0;0;0;0;0;0;0;0;7;0;0;3;0;0;0;0;0;0;0;0;0;0;0;0;0;0;0;0;0;15;0;30
130;Problem z kurtyn¹ œwietln¹;0;0;0;0;0;0;0;0;0;0;0;0;0;0;0;0;0;0;0;0;0;0;0;0;0;0;0;0;0;0;0;0;0;0;0;0;0;0;0;0;0;0;0
130;Uzupe³nienie komponentów;0;0;0;0;0;0;0;0;0;0;0;0;0;0;0;0;0;0;0;0;0;0;0;0;0;0;0;0;0;0;0;0;0;0;0;0;0;0;0;0;0;0;0
130;inne;0;0;0;0;0;0;0;0;0;4;8;4;0;0;0;0;32;25;18;0;0;0;10;10;4;0;0;0;0;0;0;4;0;0;0;27;10;0;0;0;0;0;156
140;Problem z C/O;0;0;5;0;0;0;0;0;0;0;0;0;0;0;0;0;0;0;0;0;0;0;0;0;0;0;0;0;0;0;0;0;0;0;0;0;0;0;0;0;0;0;5
140;Czujnik - regulacje/wymiana;4;0;0;0;12;0;0;0;0;0;0;0;4;0;0;0;2;0;0;0;0;0;0;0;0;0;0;0;0;0;0;0;0;0;0;0;0;0;10;0;0;0;32
140;Pneumatyka - szybkoz³¹cze/w¹¿ - awaria/wymiana;0;0;0;0;0;0;0;0;0;0;0;0;0;0;0;0;0;0;0;0;0;0;0;0;0;0;0;0;0;0;0;0;0;0;0;0;0;0;0;0;0;0;0
140;Wymiana elektrozaworu;0;0;0;0;0;0;0;0;0;0;0;0;0;0;0;0;0;0;0;0;0;0;0;0;0;0;0;0;0;0;0;0;0;0;0;0;0;0;0;0;0;0;0
140;Reset stacji;0;0;0;0;0;0;0;0;0;0;0;0;0;0;0;0;0;0;0;0;0;0;0;0;0;0;0;0;0;0;0;0;0;0;0;0;0;0;0;0;0;0;0
140;Si³ownik - wymiana;0;0;0;0;0;0;0;0;0;0;0;0;0;0;0;0;0;0;0;0;0;0;0;0;0;0;0;0;0;0;0;0;0;0;0;0;0;0;0;0;0;0;0
140;Serwonapêd - awaria;0;0;0;0;0;0;0;0;0;0;0;0;0;0;0;0;0;0;0;0;0;0;0;0;0;0;0;0;0;0;0;0;0;0;0;0;0;0;0;0;0;0;0
140;Serwonapêd - regulacje;0;0;0;0;0;0;0;0;0;0;0;0;0;0;0;0;0;0;0;0;0;0;0;0;18;5;0;0;0;0;0;0;0;0;0;0;0;0;0;0;0;0;23
140;Problem z kurtyn¹ œwietln¹;0;0;13;0;0;0;0;0;0;0;0;0;0;0;0;0;0;0;0;0;0;0;0;0;13;0;0;0;0;0;0;0;0;0;0;0;0;0;0;0;0;0;26
140;Wymiana beczki ze smarem;4;0;0;0;0;0;22;0;0;0;0;0;0;0;0;0;0;0;0;0;0;0;0;0;0;0;0;0;0;0;0;0;0;0;0;0;0;0;0;0;0;0;26
140;Uzupe³nienie komponentów;0;0;0;0;0;0;0;0;0;0;0;0;0;0;0;0;0;0;0;0;0;0;0;0;0;0;0;0;0;0;0;0;0;0;0;0;0;0;0;0;0;0;0
140;inne;11;7;0;0;7;0;0;0;9;0;0;23;15;0;8;0;29;0;7;5;14;0;0;9;0;0;0;0;0;0;0;0;0;0;0;0;0;0;19;0;0;0;163
160;Problem z C/O;0;0;0;0;0;0;0;0;0;0;0;0;0;0;0;0;0;0;0;0;0;0;0;0;0;0;0;0;0;0;0;0;0;0;0;0;0;0;0;0;0;0;0
160;Czujnik - regulacje/wymiana;0;6;5;0;0;0;0;0;0;0;0;0;0;0;0;0;0;0;0;0;0;0;0;0;0;0;0;5;0;0;0;0;0;0;0;0;0;0;0;0;0;0;16
160;Pneumatyka - szybkoz³¹cze/w¹¿ - awaria/wymiana;0;0;0;0;0;0;0;0;0;0;0;0;0;0;0;0;0;0;0;0;0;0;0;0;0;0;0;14;0;0;0;0;0;0;0;0;0;0;0;0;0;0;14
160;Wymiana elektrozaworu;0;0;0;0;0;0;0;0;0;0;0;0;0;0;0;0;0;0;0;0;0;0;0;0;0;0;0;6;0;0;0;0;0;0;0;0;0;0;0;0;0;0;6
160;Reset stacji;0;0;0;0;0;0;0;0;0;0;0;0;0;0;0;0;0;0;0;0;0;0;0;0;0;0;0;10;0;0;0;0;0;0;0;0;0;0;0;0;0;0;10
160;Si³ownik - wymiana;0;0;0;0;0;0;0;0;0;0;0;0;0;0;0;0;0;0;0;0;0;0;0;0;0;0;0;0;0;0;0;0;0;0;0;0;0;0;0;0;0;0;0
160;Awaria g³owicy do wykrywania pad sliderów;0;0;0;0;0;0;0;0;0;4;0;0;0;0;0;0;0;0;0;0;0;0;0;0;0;0;0;0;0;0;0;0;0;0;0;0;0;0;0;0;0;0;4
160;Wymiana magnesów w narzêdziach;0;0;5;0;0;0;0;0;0;0;0;0;0;0;0;0;0;0;0;0;0;0;0;0;0;0;0;0;0;0;0;0;0;0;0;0;0;0;0;0;0;0;5
160;Problem z kurtyn¹ œwietln¹;0;0;5;5;0;0;0;0;0;0;0;0;0;0;0;0;0;0;0;0;0;0;0;7;0;0;0;0;0;0;0;0;0;0;0;0;0;0;0;0;0;0;17
160;Uzupe³nienie kompenentów;0;0;0;0;0;0;0;0;0;0;0;0;0;0;0;0;0;0;0;0;0;0;0;0;0;0;0;0;0;0;0;0;0;0;0;0;0;0;0;0;0;0;0
160;inne;0;0;0;6;0;7;0;0;0;0;0;0;8;0;0;0;0;0;0;0;0;0;0;3;0;0;0;25;0;0;0;0;0;0;0;0;0;0;0;11;0;0;60
170;Problem z czytnikiem Keyence;0;0;0;0;0;0;0;0;0;0;0;0;0;0;0;0;0;0;0;0;0;0;0;0;0;0;0;0;0;0;0;0;0;0;0;0;0;0;0;0;0;0;0
180;Problem z C/O;0;0;0;0;0;0;0;0;0;0;0;0;0;0;0;0;0;0;0;0;0;0;0;0;0;0;0;0;0;0;0;0;0;0;0;0;0;0;0;0;0;0;0
180;Czujnik - regulacje/wymiana;0;0;0;0;0;15;0;0;0;0;0;0;0;0;0;0;0;0;0;0;0;0;0;0;0;0;0;0;0;0;0;0;0;0;0;0;0;0;0;0;0;0;15
180;Pneumatyka - szybkoz³¹cze/w¹¿ - awaria/wymiana;0;0;0;0;0;0;0;0;0;0;0;0;0;0;0;0;0;0;0;0;0;0;0;0;0;0;0;0;0;0;0;0;0;0;0;0;0;0;0;0;0;0;0
180;Wymiana elektrozaworu;4;16;0;0;0;0;0;30;0;0;0;0;0;0;0;0;0;0;0;0;0;0;0;0;0;0;0;0;0;0;0;0;0;0;0;0;0;0;0;0;0;0;50
180;Reset stacji;0;0;6;0;0;0;0;0;0;0;0;0;0;0;0;0;6;7;0;0;3;0;10;0;0;6;0;0;0;0;0;0;0;0;0;0;0;0;0;0;0;0;38
180;Si³ownik - wymiana;0;0;0;0;0;0;0;0;0;0;0;0;0;0;0;0;0;0;0;0;0;0;0;0;0;0;0;0;0;0;0;0;0;0;0;0;0;0;0;0;0;0;0
180;Uszkodzona koñcówka wkrêtarki/wymiana;0;0;0;0;0;0;5;0;0;0;0;0;0;0;0;0;0;0;0;0;0;0;0;0;0;0;0;0;0;0;0;0;0;0;0;0;0;0;0;0;0;0;5
180;Regulacja wkrêtarki;8;0;4;0;0;0;0;0;0;0;0;0;0;0;0;0;0;0;0;0;0;0;0;0;0;0;0;0;0;0;0;0;0;0;0;0;0;0;0;0;0;0;12
180;Blokada wkrêtarki;0;4;0;0;0;0;5;0;0;0;0;0;18;4;0;0;0;0;0;0;0;0;0;0;0;0;0;0;0;0;0;0;0;0;0;0;0;0;0;0;0;0;31
180;Problem z czytnikiem DMC - regulacja;0;0;0;0;0;0;0;0;0;0;0;0;0;0;0;0;0;0;12;0;0;0;0;0;0;0;0;0;0;0;0;0;0;0;0;0;15;0;0;0;0;0;27
180;Problem z kurtyn¹ œwietln¹;0;0;0;0;0;0;0;0;0;0;0;0;0;0;43;143;0;0;0;0;135;0;0;0;0;0;0;0;0;0;0;0;0;0;0;0;0;0;0;0;0;0;321
180;Uzupe³nienie kompenentów;0;0;0;0;0;0;0;0;0;0;0;0;0;0;0;0;0;0;0;0;0;0;0;0;0;0;0;0;0;0;0;0;0;0;0;0;0;0;0;0;0;0;0
180;inne;25;90;22;10;10;17;0;13;31;0;10;0;4;0;16;13;35;0;0;0;0;15;0;10;0;8;0;0;0;0;0;0;0;0;0;0;6;0;0;0;0;0;335
190;Problem z C/O;0;0;0;160;0;0;0;0;0;0;0;0;0;0;0;0;0;0;0;0;0;0;0;0;0;0;0;0;28;0;0;0;28;0;0;0;0;0;0;0;0;0;216
190;Czujnik - regulacje/wymiana;0;11;8;0;0;5;0;23;0;0;0;73;22;16;0;0;7;0;0;0;53;0;0;0;0;0;0;25;40;29;0;0;33;0;0;0;0;0;0;0;0;0;345
190;Pneumatyka - szybkoz³¹cze/w¹¿ - awaria/wymiana;0;0;64;0;123;0;0;0;18;0;0;0;0;0;0;0;0;0;0;0;0;0;0;0;0;0;0;0;40;0;0;0;40;0;0;0;0;0;0;0;0;0;285
190;Wymiana elektrozaworu;0;0;0;0;0;0;0;0;0;0;0;0;0;0;0;0;0;0;0;0;0;0;0;0;0;0;0;0;0;0;0;0;0;0;0;0;0;0;0;0;0;0;0
190;Reset stacji;0;0;10;0;0;0;0;0;0;0;0;0;0;0;0;0;0;0;0;0;0;0;0;0;0;0;3;0;0;0;0;0;0;0;0;0;0;0;0;0;0;0;13
190;Si³ownik - wymiana;24;0;0;0;23;0;7;0;15;41;15;92;6;0;0;0;0;0;17;0;0;0;0;7;0;0;0;0;0;0;0;0;0;0;0;0;35;0;0;0;0;0;282
190;Czujniki analogowe - regulacje;0;14;18;0;0;5;0;0;0;0;0;6;12;0;0;0;5;0;0;0;0;12;5;4;51;26;0;0;0;0;0;0;0;0;0;0;0;0;0;0;0;0;158
190;Problem z zapinaniem AST - regulacje;32;30;8;20;24;22;0;7;9;0;41;0;0;0;8;0;0;0;0;0;9;5;9;25;0;0;7;0;0;0;0;10;0;0;15;0;0;0;0;0;0;0;281
190;Awaria prasy;0;0;45;7;18;0;0;0;0;0;3;0;0;0;0;0;0;0;15;0;7;0;0;2;241;108;0;0;0;0;0;0;0;0;0;0;0;0;0;0;0;0;446
190;Problem z czytnikiem DMC - regulacja;0;0;0;0;0;6;0;0;0;0;0;0;0;0;0;0;0;0;0;0;0;0;0;4;0;0;0;0;0;0;0;0;0;0;0;0;0;0;0;0;0;0;10
190;Problem z kurtyn¹ œwietln¹;0;0;0;0;0;0;0;0;0;0;0;0;0;0;0;0;0;0;0;0;0;0;0;0;0;0;0;29;0;0;0;0;0;0;0;0;0;0;0;0;0;10;39
190;inne;39;21;46;204;123;30;8;4;35;5;65;62;372;187;29;0;1;10;110;42;0;40;4;149;297;0;0;0;0;0;22;28;0;0;338;32;29;0;0;15;0;10;2357
200;Problem z C/O;0;0;0;0;0;0;0;0;0;0;0;0;0;0;0;0;0;0;0;0;0;0;0;0;0;0;0;0;0;0;0;0;0;0;0;0;0;0;0;0;0;0;0
200;Czujnik - regulacje/wymiana;0;0;0;0;0;0;0;0;0;0;0;0;0;0;0;0;0;0;0;0;0;0;0;0;0;0;0;0;0;0;0;0;0;0;0;0;0;0;0;0;0;0;0
200;Pneumatyka - szybkoz³¹cze/w¹¿ - awaria/wymiana;0;0;0;0;0;0;0;0;0;0;0;0;0;0;0;0;0;0;0;0;0;0;0;0;0;0;0;0;0;0;0;0;0;0;0;0;0;0;0;0;0;0;0
200;Wymiana elektrozaworu;0;0;0;0;0;0;0;0;0;0;0;0;0;0;0;0;0;0;0;0;0;0;0;0;0;0;0;0;0;0;0;0;0;0;0;0;0;0;0;0;0;0;0
200;Reset stacji;0;0;0;0;0;12;0;0;0;4;0;26;18;0;0;14;12;0;0;0;0;4;0;0;0;0;0;0;0;0;0;0;0;0;5;0;0;0;0;5;0;0;100
200;Si³ownik - wymiana;0;0;0;0;0;0;0;0;0;0;0;0;0;0;0;0;0;0;0;0;0;0;0;0;0;0;0;0;0;0;0;0;0;0;0;0;0;0;0;0;0;0;0
200;Awaria grawerki;115;0;28;7;7;53;7;110;44;69;5;35;57;0;0;0;0;5;130;0;0;0;52;16;0;15;55;4;0;0;0;0;0;0;0;107;0;0;0;32;0;10;963
200;Awaria sto³u obrotowego;0;0;0;0;0;0;0;0;0;0;0;0;0;0;0;0;0;0;80;0;0;0;0;0;0;0;0;0;0;0;0;0;0;0;0;0;0;0;0;4;0;0;84
200;Problem z czytnikiem DMC - regulacje;0;0;0;0;0;0;0;0;0;0;0;0;0;0;0;0;0;0;0;0;0;0;0;0;0;0;0;0;0;0;0;0;0;0;0;0;0;0;0;0;0;0;0
200;Problem z kurtyn¹ œwietln¹;0;0;0;0;0;0;0;0;0;0;0;0;0;0;0;0;0;0;0;0;0;0;0;0;8;4;0;0;0;0;0;0;0;0;0;0;0;0;0;0;0;0;12
200;inne;13;8;8;59;21;7;20;60;22;4;41;11;37;10;34;26;7;10;57;0;0;0;5;0;5;0;0;0;0;0;0;0;0;0;0;9;0;0;29;0;0;0;503
